<?xml version="1.0" encoding="UTF-8"?>
<udm.DeploymentPackage version="<%CG_BUILD_PKG_ID%>" application="<%CG_APP_NAME%>">  
  <orchestrator />
  <application />
  <deployables>
    <cg.SsisPkg name="<%CG_APP_NAME%>-ssis">      
      <tags />
      <scanPlaceholders>true</scanPlaceholders>            
      <fileUri>checksum-http://<%CG_XLD_PKG_REPO%>:8080/bbnas/bb<%CG_BUILD_TYPE%>/<%CG_PROJECT_KEY%>/<%CG_PLAN_NAME%>/<%CG_BUILD_NUMBER%>/dist/package/<%CG_BUILD_PKG_ID%>-ssis.zip</fileUri>
      <targetDirectory>{{SSIS_DEPLOY_PATH}}</targetDirectory>
      <configFile>{{CONFIG_FILE}}</configFile>
      <etlToolsFile>e:\etltools\ssis\deploy.ps1</etlToolsFile>
      <skipDelete>false</skipDelete>
      <atmID><%CG_ATM_ID%></atmID>
    </cg.SsisPkg>
    <cg.CgPkg name="<%CG_APP_NAME%>-wrapper">
      <tags />      
      <scanPlaceholders>true</scanPlaceholders>      
      <fileUri>checksum-http://<%CG_XLD_PKG_REPO%>:8080/bbnas/bb<%CG_BUILD_TYPE%>/<%CG_PROJECT_KEY%>/<%CG_PLAN_NAME%>/<%CG_BUILD_NUMBER%>/dist/package/<%CG_BUILD_PKG_ID%>-wrapper.zip</fileUri>
      <targetDirectory>{{WRAPPER_DEPLOY_PATH}}</targetDirectory>
      <skipDelete>false</skipDelete>
      <atmID><%CG_ATM_ID%></atmID>
    </cg.CgPkg>
  </deployables>
  <applicationDependencies />
</udm.DeploymentPackage>